https://nedrug.mfds.go.kr/pbp/cmn/itemImageDownload/147938640332900007,r0002
https://nedrug.mfds.go.kr/pbp/cmn/itemImageDownload/147938640332900013,r0004
https://nedrug.mfds.go.kr/pbp/cmn/itemImageDownload/147938640332900016,r0005
https://nedrug.mfds.go.kr/pbp/cmn/itemImageDownload/147938640332900022,r0007
https://nedrug.mfds.go.kr/pbp/cmn/itemImageDownload/147938640332900025,r0008
https://nedrug.mfds.go.kr/pbp/cmn/itemImageDownload/147938640332900049,r0016
https://nedrug.mfds.go.kr/pbp/cmn/itemImageDownload/147938640332900055,r0018
https://nedrug.mfds.go.kr/pbp/cmn/itemImageDownload/147938640332900058,r0019
https://nedrug.mfds.go.kr/pbp/cmn/itemImageDownload/147938640332900067,r0022
https://nedrug.mfds.go.kr/pbp/cmn/itemImageDownload/147938640332900070,r0023
https://nedrug.mfds.go.kr/pbp/cmn/itemImageDownload/147938640332900076,r0025
https://nedrug.mfds.go.kr/pbp/cmn/itemImageDownload/147938640332900079,r0026
https://nedrug.mfds.go.kr/pbp/cmn/itemImageDownload/147938640332900082,r0027
https://nedrug.mfds.go.kr/pbp/cmn/itemImageDownload/147938640332900091,r0030
https://nedrug.mfds.go.kr/pbp/cmn/itemImageDownload/147938640332900094,r0031
https://nedrug.mfds.go.kr/pbp/cmn/itemImageDownload/147938640332900100,r0033
https://nedrug.mfds.go.kr/pbp/cmn/itemImageDownload/147938640332900103,r0034
https://nedrug.mfds.go.kr/pbp/cmn/itemImageDownload/147938640332900124,r0041
https://nedrug.mfds.go.kr/pbp/cmn/itemImageDownload/147938640332900130,r0043
https://nedrug.mfds.go.kr/pbp/cmn/itemImageDownload/147938640332900133,r0044
https://nedrug.mfds.go.kr/pbp/cmn/itemImageDownload/147938640332900136,r0045
https://nedrug.mfds.go.kr/pbp/cmn/itemImageDownload/147938640332900139,r0046
https://nedrug.mfds.go.kr/pbp/cmn/itemImageDownload/147938640332900142,r0047
https://nedrug.mfds.go.kr/pbp/cmn/itemImageDownload/147938640332900148,r0049
https://nedrug.mfds.go.kr/pbp/cmn/itemImageDownload/147938640332900154,r0051
https://nedrug.mfds.go.kr/pbp/cmn/itemImageDownload/147938640332900157,r0052
https://nedrug.mfds.go.kr/pbp/cmn/itemImageDownload/147938640332900160,r0053
https://nedrug.mfds.go.kr/pbp/cmn/itemImageDownload/147938640332900163,r0054
https://nedrug.mfds.go.kr/pbp/cmn/itemImageDownload/147938640332900169,r0056
https://nedrug.mfds.go.kr/pbp/cmn/itemImageDownload/147938640332900175,r0058
https://nedrug.mfds.go.kr/pbp/cmn/itemImageDownload/147938640332900181,r0060
https://nedrug.mfds.go.kr/pbp/cmn/itemImageDownload/147938640332900184,r0061
https://nedrug.mfds.go.kr/pbp/cmn/itemImageDownload/147938640332900187,r0062
https://nedrug.mfds.go.kr/pbp/cmn/itemImageDownload/147938640332900196,r0065
https://nedrug.mfds.go.kr/pbp/cmn/itemImageDownload/147938644048800002,r0066
https://nedrug.mfds.go.kr/pbp/cmn/itemImageDownload/147938644048800008,r0068
https://nedrug.mfds.go.kr/pbp/cmn/itemImageDownload/147938644048800011,r0069
https://nedrug.mfds.go.kr/pbp/cmn/itemImageDownload/147938644048800014,r0070
https://nedrug.mfds.go.kr/pbp/cmn/itemImageDownload/147938644048800017,r0071
https://nedrug.mfds.go.kr/pbp/cmn/itemImageDownload/147938644048800020,r0072
https://nedrug.mfds.go.kr/pbp/cmn/itemImageDownload/147938644048800023,r0073
https://nedrug.mfds.go.kr/pbp/cmn/itemImageDownload/147938644048800029,r0075
https://nedrug.mfds.go.kr/pbp/cmn/itemImageDownload/147938644048800036,r0077
https://nedrug.mfds.go.kr/pbp/cmn/itemImageDownload/147938644048800047,r0080
https://nedrug.mfds.go.kr/pbp/cmn/itemImageDownload/147938644048800053,r0082
https://nedrug.mfds.go.kr/pbp/cmn/itemImageDownload/147938644048800062,r0084
https://nedrug.mfds.go.kr/pbp/cmn/itemImageDownload/147938644048800074,r0088
https://nedrug.mfds.go.kr/pbp/cmn/itemImageDownload/147938644048800086,r0092
https://nedrug.mfds.go.kr/pbp/cmn/itemImageDownload/147938644048800089,r0093
https://nedrug.mfds.go.kr/pbp/cmn/itemImageDownload/147938644048800092,r0094
https://nedrug.mfds.go.kr/pbp/cmn/itemImageDownload/147938644048800101,r0098
https://nedrug.mfds.go.kr/pbp/cmn/itemImageDownload/147938644048800119,r0103
https://nedrug.mfds.go.kr/pbp/cmn/itemImageDownload/147938644048800155,r0113
https://nedrug.mfds.go.kr/pbp/cmn/itemImageDownload/147938644048800164,r0116
https://nedrug.mfds.go.kr/pbp/cmn/itemImageDownload/147938644048800175,r0119
https://nedrug.mfds.go.kr/pbp/cmn/itemImageDownload/147938644048800184,r0122
https://nedrug.mfds.go.kr/pbp/cmn/itemImageDownload/147938644048800187,r0124
https://nedrug.mfds.go.kr/pbp/cmn/itemImageDownload/147938644048800190,r0125
https://nedrug.mfds.go.kr/pbp/cmn/itemImageDownload/147938644048800193,r0126
https://nedrug.mfds.go.kr/pbp/cmn/itemImageDownload/147938644048800196,r0127
https://nedrug.mfds.go.kr/pbp/cmn/itemImageDownload/147938647484100002,r0129
https://nedrug.mfds.go.kr/pbp/cmn/itemImageDownload/147938647484100014,r0132
https://nedrug.mfds.go.kr/pbp/cmn/itemImageDownload/147938647484100020,r0134
https://nedrug.mfds.go.kr/pbp/cmn/itemImageDownload/147938647484100023,r0135
https://nedrug.mfds.go.kr/pbp/cmn/itemImageDownload/147938647484100026,r0136
https://nedrug.mfds.go.kr/pbp/cmn/itemImageDownload/147938647484100029,r0137
https://nedrug.mfds.go.kr/pbp/cmn/itemImageDownload/147938647484100034,r0138
https://nedrug.mfds.go.kr/pbp/cmn/itemImageDownload/147938647484100037,r0139
https://nedrug.mfds.go.kr/pbp/cmn/itemImageDownload/147938647484100040,r0140
https://nedrug.mfds.go.kr/pbp/cmn/itemImageDownload/147938647484100043,r0142
https://nedrug.mfds.go.kr/pbp/cmn/itemImageDownload/147938647484100051,r0144
https://nedrug.mfds.go.kr/pbp/cmn/itemImageDownload/147938647484100063,r0147
https://nedrug.mfds.go.kr/pbp/cmn/itemImageDownload/147938647484100066,r0148
https://nedrug.mfds.go.kr/pbp/cmn/itemImageDownload/147938647484100078,r0151
https://nedrug.mfds.go.kr/pbp/cmn/itemImageDownload/147938647484100081,r0152
https://nedrug.mfds.go.kr/pbp/cmn/itemImageDownload/147938647484100084,r0153
https://nedrug.mfds.go.kr/pbp/cmn/itemImageDownload/147938647484100090,r0155
https://nedrug.mfds.go.kr/pbp/cmn/itemImageDownload/147938647484100093,r0156
https://nedrug.mfds.go.kr/pbp/cmn/itemImageDownload/147938647484100102,r0159
https://nedrug.mfds.go.kr/pbp/cmn/itemImageDownload/147938647484100111,r0162
https://nedrug.mfds.go.kr/pbp/cmn/itemImageDownload/147938647484100114,r0163
https://nedrug.mfds.go.kr/pbp/cmn/itemImageDownload/147938647484100117,r0164
https://nedrug.mfds.go.kr/pbp/cmn/itemImageDownload/147938647484100120,r0165
https://nedrug.mfds.go.kr/pbp/cmn/itemImageDownload/147938647484100126,r0167
https://nedrug.mfds.go.kr/pbp/cmn/itemImageDownload/147938647484100129,r0168
https://nedrug.mfds.go.kr/pbp/cmn/itemImageDownload/147938647484100141,r0172
https://nedrug.mfds.go.kr/pbp/cmn/itemImageDownload/147938647484100147,r0174
https://nedrug.mfds.go.kr/pbp/cmn/itemImageDownload/147938647484100150,r0175
https://nedrug.mfds.go.kr/pbp/cmn/itemImageDownload/147938647484100153,r0176
https://nedrug.mfds.go.kr/pbp/cmn/itemImageDownload/147938647484100159,r0178
https://nedrug.mfds.go.kr/pbp/cmn/itemImageDownload/147938647484100162,r0179
https://nedrug.mfds.go.kr/pbp/cmn/itemImageDownload/147938647484100165,r0180
https://nedrug.mfds.go.kr/pbp/cmn/itemImageDownload/147938647484100168,r0181
https://nedrug.mfds.go.kr/pbp/cmn/itemImageDownload/147938647484100171,r0182
https://nedrug.mfds.go.kr/pbp/cmn/itemImageDownload/147938647484100183,r0187
https://nedrug.mfds.go.kr/pbp/cmn/itemImageDownload/147938647484100192,r0190
https://nedrug.mfds.go.kr/pbp/cmn/itemImageDownload/147938647484100195,r0191
https://nedrug.mfds.go.kr/pbp/cmn/itemImageDownload/147938647484100198,r0192
https://nedrug.mfds.go.kr/pbp/cmn/itemImageDownload/147938650963600004,r0194
https://nedrug.mfds.go.kr/pbp/cmn/itemImageDownload/147938650963600016,r0198
https://nedrug.mfds.go.kr/pbp/cmn/itemImageDownload/147938650963600020,r0199
https://nedrug.mfds.go.kr/pbp/cmn/itemImageDownload/147938650963600049,r0207
https://nedrug.mfds.go.kr/pbp/cmn/itemImageDownload/147938650963600061,r0210
https://nedrug.mfds.go.kr/pbp/cmn/itemImageDownload/147938650963600067,r0212
https://nedrug.mfds.go.kr/pbp/cmn/itemImageDownload/147938650963600070,r0213
https://nedrug.mfds.go.kr/pbp/cmn/itemImageDownload/147938650963600088,r0219
https://nedrug.mfds.go.kr/pbp/cmn/itemImageDownload/147938650963600109,r0226
https://nedrug.mfds.go.kr/pbp/cmn/itemImageDownload/147938650963600112,r0227
https://nedrug.mfds.go.kr/pbp/cmn/itemImageDownload/147938650963600115,r0228
https://nedrug.mfds.go.kr/pbp/cmn/itemImageDownload/147938650963600151,r0241
https://nedrug.mfds.go.kr/pbp/cmn/itemImageDownload/147938650963600169,r0247
https://nedrug.mfds.go.kr/pbp/cmn/itemImageDownload/147938650963600172,r0248
https://nedrug.mfds.go.kr/pbp/cmn/itemImageDownload/147938650963600181,r0251
https://nedrug.mfds.go.kr/pbp/cmn/itemImageDownload/147938650963600187,r0253
https://nedrug.mfds.go.kr/pbp/cmn/itemImageDownload/147938650963600190,r0254
https://nedrug.mfds.go.kr/pbp/cmn/itemImageDownload/147938654295100026,r0266
https://nedrug.mfds.go.kr/pbp/cmn/itemImageDownload/147938654295100041,r0271
https://nedrug.mfds.go.kr/pbp/cmn/itemImageDownload/147938654295100044,r0272
https://nedrug.mfds.go.kr/pbp/cmn/itemImageDownload/147938654295100059,r0277
https://nedrug.mfds.go.kr/pbp/cmn/itemImageDownload/147938654295100062,r0278
https://nedrug.mfds.go.kr/pbp/cmn/itemImageDownload/147938654295100068,r0280
https://nedrug.mfds.go.kr/pbp/cmn/itemImageDownload/147938654295100077,r0283
https://nedrug.mfds.go.kr/pbp/cmn/itemImageDownload/147938654295100080,r0285
https://nedrug.mfds.go.kr/pbp/cmn/itemImageDownload/147938654295100083,r0287
https://nedrug.mfds.go.kr/pbp/cmn/itemImageDownload/147938654295100101,r0293
https://nedrug.mfds.go.kr/pbp/cmn/itemImageDownload/147938654295200025,r0303
https://nedrug.mfds.go.kr/pbp/cmn/itemImageDownload/147938654295200040,r0309
https://nedrug.mfds.go.kr/pbp/cmn/itemImageDownload/147938654295200058,r0316
https://nedrug.mfds.go.kr/pbp/cmn/itemImageDownload/147938657883200003,r0329
https://nedrug.mfds.go.kr/pbp/cmn/itemImageDownload/147938657883200006,r0330
https://nedrug.mfds.go.kr/pbp/cmn/itemImageDownload/147938657883200012,r0332
https://nedrug.mfds.go.kr/pbp/cmn/itemImageDownload/147938657883200015,r0333
https://nedrug.mfds.go.kr/pbp/cmn/itemImageDownload/147938657883200033,r0339
https://nedrug.mfds.go.kr/pbp/cmn/itemImageDownload/147938657883200039,r0341
https://nedrug.mfds.go.kr/pbp/cmn/itemImageDownload/147938657883200057,r0347
https://nedrug.mfds.go.kr/pbp/cmn/itemImageDownload/147938657883200066,r0350
https://nedrug.mfds.go.kr/pbp/cmn/itemImageDownload/147938657883200087,r0357
https://nedrug.mfds.go.kr/pbp/cmn/itemImageDownload/147938657883200156,r0380
https://nedrug.mfds.go.kr/pbp/cmn/itemImageDownload/147938657883200180,r0388
https://nedrug.mfds.go.kr/pbp/cmn/itemImageDownload/147938657883300006,r0393
https://nedrug.mfds.go.kr/pbp/cmn/itemImageDownload/147938661567700007,r0397
https://nedrug.mfds.go.kr/pbp/cmn/itemImageDownload/147938661567700034,r0406
https://nedrug.mfds.go.kr/pbp/cmn/itemImageDownload/147938661567700037,r0407
https://nedrug.mfds.go.kr/pbp/cmn/itemImageDownload/147938661567700040,r0408
https://nedrug.mfds.go.kr/pbp/cmn/itemImageDownload/147938661567700043,r0409
https://nedrug.mfds.go.kr/pbp/cmn/itemImageDownload/147938661567700049,r0411
https://nedrug.mfds.go.kr/pbp/cmn/itemImageDownload/147938661567700055,r0413
https://nedrug.mfds.go.kr/pbp/cmn/itemImageDownload/147938661567700061,r0415
https://nedrug.mfds.go.kr/pbp/cmn/itemImageDownload/147938661567700070,r0419
https://nedrug.mfds.go.kr/pbp/cmn/itemImageDownload/147938661567700076,r0421
https://nedrug.mfds.go.kr/pbp/cmn/itemImageDownload/147938661567700085,r0424
https://nedrug.mfds.go.kr/pbp/cmn/itemImageDownload/147938661567700091,r0426
https://nedrug.mfds.go.kr/pbp/cmn/itemImageDownload/147938661567700094,r0427
https://nedrug.mfds.go.kr/pbp/cmn/itemImageDownload/147938661567700103,r0430
https://nedrug.mfds.go.kr/pbp/cmn/itemImageDownload/147938661567700109,r0432
https://nedrug.mfds.go.kr/pbp/cmn/itemImageDownload/147938661567700124,r0438
https://nedrug.mfds.go.kr/pbp/cmn/itemImageDownload/147938661567700130,r0440
https://nedrug.mfds.go.kr/pbp/cmn/itemImageDownload/147938661567700142,r0444
https://nedrug.mfds.go.kr/pbp/cmn/itemImageDownload/147938661567700145,r0445
https://nedrug.mfds.go.kr/pbp/cmn/itemImageDownload/147938661567700148,r0446
https://nedrug.mfds.go.kr/pbp/cmn/itemImageDownload/147938661567700154,r0448
https://nedrug.mfds.go.kr/pbp/cmn/itemImageDownload/147938661567700178,r0456
https://nedrug.mfds.go.kr/pbp/cmn/itemImageDownload/147938661567700181,r0457
https://nedrug.mfds.go.kr/pbp/cmn/itemImageDownload/147938665320000011,r0467
https://nedrug.mfds.go.kr/pbp/cmn/itemImageDownload/147938665320000014,r0468
https://nedrug.mfds.go.kr/pbp/cmn/itemImageDownload/147938665320000020,r0470
https://nedrug.mfds.go.kr/pbp/cmn/itemImageDownload/147938665320000023,r0471
https://nedrug.mfds.go.kr/pbp/cmn/itemImageDownload/147938665320000026,r0472
https://nedrug.mfds.go.kr/pbp/cmn/itemImageDownload/147938665320000035,r0475
https://nedrug.mfds.go.kr/pbp/cmn/itemImageDownload/147938665320000062,r0484
https://nedrug.mfds.go.kr/pbp/cmn/itemImageDownload/147938665320000074,r0488
https://nedrug.mfds.go.kr/pbp/cmn/itemImageDownload/147938665320000077,r0489
https://nedrug.mfds.go.kr/pbp/cmn/itemImageDownload/147938665320000113,r0501
https://nedrug.mfds.go.kr/pbp/cmn/itemImageDownload/147938665320000119,r0503
https://nedrug.mfds.go.kr/pbp/cmn/itemImageDownload/147938665320000122,r0504
